,content
0,"Get up and groove! Dancing is your ticket to fun, fitness, and a break from the screen. Let the music move you!"
1,"Ditch the screen, hit the trail! Discover nature's wonders, boost your mood, and energize your body with an invigorating hike."
2,"Give your eyes a break and let your body flow with the ancient practice of yoga. Feel the tension melt away and experience the incredible benefits of increased flexibility, strength, and inner peace."
3,"Hey! Why not leave the screen behind and hop on your bike? Feel the wind in your hair, soak up the sunshine, and boost your mood while getting some exercise. Let's go biking and enjoy the great outdoors!"
4,"Step away from the screen and let's stroll! Walking boosts energy, clears the mind, and fills your day with fresh inspiration. Let's get moving!"
5,"Dive into the pool and feel the freedom! Swap screens for a refreshing swim, unleash your energy, and let the water ignite your senses."
6,"Why not give your thumbs a break and start pumping some iron? Weightlifting will boost your strength, tone your muscles, and leave you feeling unstoppable!"
7,"Hey! Ready to get moving? Put down the screen and let's hit the pavement - jogging boosts energy, reduces stress, and gives you a natural high! Let's go!"
8,"Step away from the screen and let's roll! Experience the thrill of roller skating - it's exhilarating, boosts your mood, and keeps you active. Lace up and let the fun begin!"
9,"Step away from the screen and tee off into a world of fun and relaxation! Golfing boosts your mood, improves focus, and gets you outdoors enjoying nature. Let's swing into action!"
10,Why not give your brain a boost and challenge yourself with Sudoku? It's a fun way to sharpen your mind and improve your problem-solving skills!
11,"Give your eyes a break and let your imagination soar with the magic of reading. Rediscover the joy of stories, expand your knowledge, and unlock endless possibilities through the power of books."
12,Why not give your brain a workout and have some fun at the same time? Grab a jigsaw puzzle and let your problem-solving skills shine while enjoying the benefits of improved focus and relaxation!
13,Why not challenge your brain and have some fun with crosswords? They boost your mental agility and memory while giving you a break from screens!
14,Why not discover new horizons and boost your brainpower by immersing yourself in the captivating world of language learning? Open the door to endless possibilities and embrace the incredible benefits of expanding your linguistic skills!
15,Give your mind a well-deserved vacation and unlock a world of calm and clarity through the power of meditation. Experience the transformative benefits that await you!
16,"Step away from the screen and dive into the captivating world of chess - sharpen your focus, boost problem-solving skills, and have a blast strategizing your way to victory!"
17,"Feeling screen overload? Time to conquer the colorful challenge of a Rubik's cube! Unleash your problem-solving skills, improve focus, and enjoy a satisfying victory! Let's cube it!"
18,"Why stare at screens when you can immerse yourself in the incredible world of music? Let the captivating melodies transport you, boost your mood, and ignite your imagination!"
19,"Why stare at screens when you can conquer challenging card layouts, boost your focus, and relax with a satisfying game of solitaire? Give it a try, you'll be amazed!"
20,Why not add some color to your day? Put down the screen and let your imagination soar as you relax and find inner calm through the therapeutic art of coloring.
21,"Give your eyes a break and let your imagination soar! Grab a pen and paper, and discover the joy of drawing while boosting your creativity and reducing screen time."
22,"Why not turn off the screen and embark on a delightful journey of preserving memories with scrapbooking - spark joy, unleash your creativity, and create something beautiful to cherish forever!"
23,"Why not let your imagination soar and bring your stories to life through the power of creative writing? It's a perfect way to unwind, express yourself, and unlock a world of endless possibilities!"
24,"Give your eyes a break and let your voice shine! Singing boosts mood, relieves stress, and brings joy to your day. So put down the screen and start serenading!"
25,"Why stare at a screen when you can create stunning art with a pen? Embrace the beauty and mindfulness of calligraphy, and unlock your artistic potential!"
26,"Why not switch off your screen and dive into the world of embroidery? It's a fantastic way to relax, unleash your creativity, and create something beautiful!"
27,Step away from your screen and let your hands mold something extraordinary. Sculpting is a creative adventure that unleashes your imagination and brings joy to your soul. Start sculpting now and experience the incredible benefits of self-expression and relaxation.
28,"Capture the world through your lens and unlock a world of creativity, beauty, and self-expression. Embrace the magic of photography and watch your screen time fade away!"
29,Why not turn off the screen and let your creativity flow through the magic of songwriting? Unleash your inner artist and experience the joy of self-expression while reaping the benefits of relaxation and inspiration.
30,"Give your screen a break and let's clean instead! Cleaning not only tidies up your space, but also clears your mind and brings a fresh start to your day. Let's get cleaning and enjoy the benefits of a clean and organized space!"
31,"Why not whip up a delicious meal and discover the joy of creating something amazing in the kitchen? Cooking can be a tasty way to unwind, explore new flavors, and nourish your body and soul."
32,Why not give your eyes a break and pick up some knitting needles instead? Knitting is a relaxing and rewarding hobby that can help reduce screen time and boost your creativity!
33,Put down the screen and pick up a needle - sewing is waiting to unleash your creativity and bring a sense of fulfillment and joy to your day!
34,"Take a break from screens and discover the joy of gardening - it's like a breath of fresh air, boosts your mood, and lets your inner green thumb bloom!"
35,Get off your screen and embrace the joy of woodworking! Discover the satisfaction of creating something with your own hands while unleashing your imagination and reducing stress. Start your woodworking adventure today!
36,"Why not give your eyes a break and whip up something delicious in the kitchen? Baking is a tasty way to relax, get creative, and treat yourself!"
37,Why not give your screen a rest and transform your space into a cozy oasis? Discover the joy of home decorating and create a sanctuary that brings you calm and happiness.
38,"Why not trade your screen for a scenic green? Get outside, breathe in fresh air, and transform your surroundings with the beauty and tranquility of landscaping."
39,"Why not give your eyes a break and dive into the satisfying world of decluttering? Clearing your space not only brings a sense of calm, but also boosts productivity and sparks creativity!"
